<?xml version="1.0" encoding="utf-8"?>
<!DOCTYPE hibernate-configuration PUBLIC
"-//Hibernate/Hibernate Configuration DTD 3.0//EN"
"http://hibernate.sourceforge.net/hibernate-configuration-3.0.dtd">
<hibernate-configuration>
    <session-factory>
	      <property name="hibernate.connection.driver_class">oracle.jdbc.driver.OracleDriver</property>
	      <property name="hibernate.connection.url">jdbc:oracle:thin:@localhost:1521:orcl</property>
	      <property name="hibernate.connection.username">scott</property>
	      <property name="hibernate.connection.password">tiger</property>
	      <property name="hibernate.connection.pool_size">10</property>
	      <property name="show_sql">true</property>
	      <property name="dialect">org.hibernate.dialect.Oracle10gDialect</property>
	      <!-- <property name="dialect">org.hibernate.dialect.OracleDialect</property> -->
	      <property name="hibernate.hbm2ddl.auto">update</property> 
	                 
	       <mapping class="bean.Subscription"/>
	       <mapping class="bean.Readers"/>
    </session-factory>
</hibernate-configuration>