<beans
        xmlns="http://www.springframework.org/schema/beans"
        xmlns:xsi="http://www.w3.org/2001/XMLSchema-instance"
        xsi:schemaLocation="http://www.springframework.org/schema/beans
http://www.springframework.org/schema/beans/spring-beans-2.5.xsd">
    <bean id="customerService" class="bean.CustomerService">
        <property name="name" value="Shivaprasad Bhat"/>
        <property name="url" value="http://shivaprasadbhat.blogspot.in"/>
    </bean>

    <bean id="hijackAroundBean" class="bean.HijackAround"/>

    <bean id="customerServiceProxy" class="org.springframework.aop.framework.ProxyFactoryBean">
        <property name="target" ref="customerService"/>
        <property name="interceptorNames">
            <list>
                <value>hijackAroundBean</value>
            </list>
        </property>
    </bean>
</beans>