<!DOCTYPE hibernate-mapping PUBLIC 
    "-//Hibernate/Hibernate Mapping DTD 3.0//EN"
    "http://www.hibernate.org/dtd/hibernate-mapping-3.0.dtd">
<hibernate-mapping>
	<class name="bean.Employee" table="EmployeeManager">
		<id name="id" type="int" column="EID"></id>
		
		<property name="name">
			<column name="NAME" not-null="true" />
		</property>
		
		<property name="salary" type="int">
			<column name="SALARY" not-null="true" />
		</property>
		
		<property name="experience" type="int">
			<column name="EXPERIENCE" not-null="true" />
		</property>
		
		<property name="designation">
			<column name="DESIGNATION" not-null="true" />
		</property>
	</class>
</hibernate-mapping>